exploring,st2,
statistical_inferences,st2,
statistical_significance,st2,
estimating_relationships,st2,
assumptions,st2,
regression_estimation,st2,
advice,st2,
regression_analysis,st2,
regression_modeling,st2,
methods,ts4,
time_series_data,ts4,
regression,ts4,
exponential_smooth,ts4,
stationarity,ts4,
components,ts4,
autocorrelation,ts4,
arima,ts4,
sarimia,ts4,
cases,ts4,
linear_programming,lp,
mixed-integer_programming,lp,
nonlinear_programming,lp,
monty_hall,lp,
example,dd,
history,dd,
status,dd,